
<hibernate-configuration>
    <session-factory>
        <property name="connection.driver_class">com.mysql.cj.jdbc.Driver</property>
        <property name="connection.url">jdbc:mysql://localhost:3306/academia_log_2026?useSSL=false&amp;serverTimezone=UTC&amp;allowPublicKeyRetrieval=true</property>
        <property name="connection.username">root</property>
        <property name="connection.password"></property> <property name="dialect">org.hibernate.dialect.MySQLDialect</property>
        <property name="show_sql">true</property> <property name="format_sql">true</property>
        
        <property name="hbm2ddl.auto">update</property>

        <mapping class="es.cesur.dam.ad.entidades.FichaInscripcion"/>
    </session-factory>
</hibernate-configuration>